id_vacunacion,fecha_vacuna,proxima_fecha,observaciones,id_mascota,id_tipo_vacuna,rut_veterinario
1,2025-04-03,2026-04-03,,342,3,15.834.583-1
2,2025-04-19,2026-04-19,,309,1,20.889.240-0
3,2025-12-26,2026-12-26,,95,2,11.767.687-3
4,2025-08-27,2026-08-27,,47,1,20.889.240-0
5,2025-07-21,2026-07-21,,179,5,18.261.516-7
6,2025-05-22,2026-05-22,,400,5,11.767.687-3
7,2026-01-08,2027-01-08,,259,2,15.392.761-0
8,2025-04-04,2026-04-04,,420,1,15.392.761-0
9,2025-03-08,2026-03-08,,112,5,11.767.687-3
10,2025-06-07,2026-06-07,,88,3,15.392.761-0
11,2025-03-03,2026-03-03,,110,1,15.392.761-0
12,2026-02-26,2026-08-25,,188,4,11.767.687-3
13,2025-12-27,2026-12-27,,226,2,11.767.687-3
14,2025-04-24,2026-04-24,,182,2,17.766.304-4
15,2025-10-04,2026-10-04,,264,2,20.889.240-0
16,2025-09-25,2026-09-25,,390,1,18.261.516-7
17,2025-05-03,2025-10-30,,57,4,15.392.761-0
18,2025-05-09,2025-11-05,,391,4,18.261.516-7
19,2026-02-24,2027-02-24,,286,3,11.767.687-3
20,2025-03-21,2026-03-21,,168,1,17.766.304-4
21,2025-04-29,2025-10-26,,146,4,17.766.304-4
22,2026-01-02,2027-01-02,,352,3,17.766.304-4
23,2025-06-24,2026-06-24,,209,5,18.261.516-7
24,2025-10-06,2026-10-06,,36,2,17.766.304-4
25,2026-02-11,2027-02-11,,92,3,15.834.583-1
26,2026-02-09,2026-08-08,,345,4,15.834.583-1
27,2025-09-19,2026-03-18,,268,4,11.767.687-3
28,2026-02-10,2027-02-10,,62,1,20.889.240-0
29,2025-09-19,2026-03-18,,356,4,15.392.761-0
30,2025-04-22,2026-04-22,,34,2,18.261.516-7
31,2025-06-10,2026-06-10,,103,3,15.392.761-0
32,2025-09-23,2026-09-23,,120,1,17.766.304-4
33,2025-11-11,2026-11-11,,392,3,11.767.687-3
34,2025-12-23,2026-12-23,,140,5,11.767.687-3
35,2025-09-21,2026-09-21,,244,3,11.767.687-3
36,2026-01-03,2026-07-02,,249,4,15.392.761-0
37,2025-07-21,2026-07-21,,394,2,17.766.304-4
38,2025-04-25,2026-04-25,,129,1,17.766.304-4
39,2025-11-10,2026-11-10,,322,2,20.889.240-0
40,2025-03-16,2026-03-16,,378,1,15.834.583-1
41,2025-04-04,2025-10-01,,348,4,15.834.583-1
42,2025-05-31,2025-11-27,,310,4,11.767.687-3
43,2025-08-15,2026-08-15,,156,2,15.392.761-0
44,2026-01-14,2027-01-14,,390,1,15.834.583-1
45,2026-02-02,2027-02-02,,393,5,17.766.304-4
46,2025-10-25,2026-10-25,,151,2,11.767.687-3
47,2025-11-10,2026-05-09,,259,4,18.261.516-7
48,2025-12-03,2026-12-03,,415,3,15.392.761-0
49,2025-12-05,2026-12-05,,392,1,15.834.583-1
50,2025-10-07,2026-10-07,,197,1,17.766.304-4
51,2025-08-09,2026-02-05,,227,4,17.766.304-4
52,2025-03-19,2026-03-19,,91,1,15.392.761-0
53,2026-02-01,2027-02-01,,362,3,20.889.240-0
54,2025-11-07,2026-05-06,,69,4,18.261.516-7
55,2025-09-16,2026-03-15,,392,4,15.834.583-1
56,2025-12-17,2026-06-15,,338,4,15.392.761-0
57,2026-02-14,2027-02-14,,293,5,17.766.304-4
58,2025-10-30,2026-10-30,,81,5,15.392.761-0
59,2025-03-29,2025-09-25,,135,4,17.766.304-4
60,2025-12-28,2026-06-26,,316,4,11.767.687-3
61,2025-08-28,2026-08-28,,165,3,15.834.583-1
62,2025-03-15,2026-03-15,,24,5,20.889.240-0
63,2025-09-04,2026-09-04,,415,3,11.767.687-3
64,2025-12-24,2026-12-24,,392,1,11.767.687-3
65,2025-08-22,2026-02-18,,50,4,17.766.304-4
66,2025-08-24,2026-08-24,,211,3,18.261.516-7
67,2025-03-29,2026-03-29,,127,2,20.889.240-0
68,2026-01-26,2027-01-26,,304,3,15.834.583-1
69,2026-02-16,2027-02-16,,157,1,15.834.583-1
70,2025-08-20,2026-08-20,,11,2,15.392.761-0
71,2025-08-14,2026-08-14,,236,1,11.767.687-3
72,2025-10-03,2026-10-03,,264,5,17.766.304-4
73,2025-07-15,2026-07-15,,357,1,17.766.304-4
74,2025-12-27,2026-12-27,,163,1,17.766.304-4
75,2025-12-18,2026-06-16,,166,4,15.392.761-0
76,2025-04-20,2025-10-17,,52,4,11.767.687-3
77,2026-02-09,2027-02-09,,173,2,17.766.304-4
78,2025-11-13,2026-11-13,,86,3,15.392.761-0
79,2025-08-01,2026-08-01,,224,3,20.889.240-0
80,2025-11-10,2026-11-10,,275,1,20.889.240-0
81,2025-07-26,2026-07-26,,25,3,18.261.516-7
82,2025-12-19,2026-06-17,,412,4,20.889.240-0
83,2026-01-14,2027-01-14,,368,1,15.392.761-0
84,2025-04-18,2026-04-18,,173,5,18.261.516-7
85,2025-04-04,2026-04-04,,411,5,15.392.761-0
86,2025-10-30,2026-04-28,,108,4,18.261.516-7
87,2025-04-09,2026-04-09,,259,3,18.261.516-7
88,2025-10-08,2026-10-08,,161,5,20.889.240-0
89,2025-09-29,2026-03-28,,129,4,15.392.761-0
90,2025-11-19,2026-05-18,,344,4,15.392.761-0
91,2025-06-01,2026-06-01,,322,1,11.767.687-3
92,2025-11-20,2026-11-20,,296,2,17.766.304-4
93,2025-06-18,2025-12-15,,138,4,11.767.687-3
94,2025-11-28,2026-11-28,,394,5,17.766.304-4
95,2025-12-15,2026-12-15,,268,1,20.889.240-0
96,2025-09-03,2026-03-02,,76,4,20.889.240-0
97,2025-05-17,2026-05-17,,223,3,17.766.304-4
98,2025-08-11,2026-08-11,,325,1,20.889.240-0
99,2025-09-28,2026-09-28,,147,3,11.767.687-3
100,2025-05-22,2026-05-22,,352,3,15.392.761-0
101,2025-06-29,2025-12-26,,123,4,15.834.583-1
102,2025-05-16,2026-05-16,,15,2,20.889.240-0
103,2025-08-06,2026-02-02,,249,4,15.392.761-0
104,2025-10-10,2026-04-08,,332,4,15.834.583-1
105,2025-06-12,2026-06-12,,140,2,20.889.240-0
106,2025-03-15,2026-03-15,,405,3,18.261.516-7
107,2026-02-01,2027-02-01,,91,5,11.767.687-3
108,2025-03-22,2025-09-18,,401,4,15.834.583-1
109,2025-03-29,2026-03-29,,161,1,15.392.761-0
110,2025-07-31,2026-07-31,,209,1,18.261.516-7
111,2026-02-07,2027-02-07,,204,1,11.767.687-3
112,2025-05-11,2026-05-11,,58,2,15.392.761-0
113,2025-11-12,2026-11-12,,268,1,11.767.687-3
114,2025-12-23,2026-12-23,,129,5,17.766.304-4
115,2025-04-16,2026-04-16,,308,2,15.834.583-1
116,2025-08-08,2026-08-08,,300,3,11.767.687-3
117,2025-09-16,2026-09-16,,217,2,20.889.240-0
118,2025-05-13,2026-05-13,,90,1,20.889.240-0
119,2025-07-19,2026-01-15,,210,4,18.261.516-7
120,2025-12-27,2026-12-27,,252,1,15.392.761-0
121,2025-09-08,2026-09-08,,163,1,15.392.761-0
122,2025-10-03,2026-04-01,,350,4,20.889.240-0
123,2025-07-21,2026-07-21,,186,2,17.766.304-4
124,2025-09-05,2026-09-05,,11,3,11.767.687-3
125,2026-01-05,2027-01-05,,379,1,11.767.687-3
126,2025-03-28,2026-03-28,,130,2,15.392.761-0
127,2025-09-13,2026-09-13,,328,3,11.767.687-3
128,2025-09-02,2026-09-02,,274,1,20.889.240-0
129,2025-10-13,2026-04-11,,5,4,17.766.304-4
130,2025-07-09,2026-07-09,,47,3,20.889.240-0
131,2025-07-31,2026-07-31,,83,2,17.766.304-4
132,2026-01-18,2027-01-18,,416,3,11.767.687-3
133,2025-09-25,2026-09-25,,141,1,15.834.583-1
134,2025-11-07,2026-05-06,,378,4,17.766.304-4
135,2025-08-18,2026-02-14,,420,4,15.834.583-1
136,2025-05-22,2026-05-22,,260,3,15.834.583-1
137,2025-08-28,2026-02-24,,309,4,11.767.687-3
138,2025-12-06,2026-12-06,,233,3,11.767.687-3
139,2025-03-15,2026-03-15,,329,1,11.767.687-3
140,2025-06-03,2025-11-30,,406,4,11.767.687-3
141,2025-05-09,2026-05-09,,206,1,20.889.240-0
142,2026-01-16,2027-01-16,,161,3,15.392.761-0
143,2025-04-12,2026-04-12,,81,1,20.889.240-0
144,2025-11-20,2026-11-20,,305,2,11.767.687-3
145,2025-09-27,2026-09-27,,232,3,17.766.304-4
146,2025-05-08,2026-05-08,,89,3,11.767.687-3
147,2025-12-29,2026-12-29,,410,3,18.261.516-7
148,2025-06-10,2026-06-10,,213,1,18.261.516-7
149,2025-06-02,2025-11-29,,194,4,15.392.761-0
150,2025-06-23,2026-06-23,,12,1,15.392.761-0
151,2026-01-26,2027-01-26,,321,5,20.889.240-0
152,2025-04-15,2025-10-12,,102,4,18.261.516-7
153,2026-02-23,2027-02-23,,26,2,17.766.304-4
154,2026-01-11,2026-07-10,,308,4,18.261.516-7
155,2025-05-16,2026-05-16,,189,1,20.889.240-0
156,2025-12-16,2026-12-16,,8,1,11.767.687-3
157,2025-11-25,2026-05-24,,396,4,17.766.304-4
158,2026-02-08,2026-08-07,,61,4,20.889.240-0
159,2026-03-01,2027-03-01,,98,2,18.261.516-7
160,2025-07-26,2026-01-22,,196,4,20.889.240-0
161,2025-10-07,2026-10-07,,308,2,20.889.240-0
162,2025-07-23,2026-07-23,,215,2,20.889.240-0
163,2025-09-26,2026-09-26,,15,2,18.261.516-7
164,2025-07-13,2026-07-13,,317,2,17.766.304-4
165,2025-07-06,2026-07-06,,299,3,11.767.687-3
166,2026-01-26,2026-07-25,,44,4,15.834.583-1
167,2025-10-27,2026-10-27,,166,2,11.767.687-3
168,2025-09-20,2026-09-20,,366,2,17.766.304-4
169,2026-02-26,2026-08-25,,377,4,15.392.761-0
170,2025-07-10,2026-07-10,,49,1,15.392.761-0
171,2025-03-31,2026-03-31,,171,1,20.889.240-0
172,2025-10-28,2026-10-28,,311,3,11.767.687-3
173,2026-01-01,2027-01-01,,3,1,18.261.516-7
174,2025-11-14,2026-11-14,,196,5,18.261.516-7
175,2025-09-19,2026-09-19,,68,3,15.392.761-0
176,2025-03-22,2026-03-22,,92,5,18.261.516-7
177,2025-05-26,2026-05-26,,253,5,18.261.516-7
178,2025-10-26,2026-10-26,,46,2,18.261.516-7
179,2026-02-27,2027-02-27,,222,5,20.889.240-0
180,2025-07-12,2026-07-12,,161,1,15.834.583-1
181,2025-05-05,2025-11-01,,144,4,11.767.687-3
182,2025-09-01,2026-02-28,,145,4,18.261.516-7
183,2026-01-08,2027-01-08,,265,3,18.261.516-7
184,2025-10-10,2026-10-10,,162,2,11.767.687-3
185,2025-11-07,2026-11-07,,285,2,11.767.687-3
186,2026-01-20,2026-07-19,,28,4,20.889.240-0
187,2025-05-16,2026-05-16,,118,1,20.889.240-0
188,2025-03-19,2025-09-15,,134,4,20.889.240-0
189,2026-02-25,2026-08-24,,224,4,15.834.583-1
190,2025-11-09,2026-11-09,,227,1,18.261.516-7
191,2026-02-27,2027-02-27,,249,5,17.766.304-4
192,2025-11-08,2026-11-08,,369,1,20.889.240-0
193,2025-05-03,2026-05-03,,48,3,20.889.240-0
194,2025-07-24,2026-07-24,,87,2,11.767.687-3
195,2025-11-16,2026-11-16,,289,3,11.767.687-3
196,2025-12-25,2026-12-25,,299,2,15.834.583-1
197,2025-11-25,2026-11-25,,93,5,17.766.304-4
198,2025-04-09,2026-04-09,,394,2,17.766.304-4
199,2026-02-10,2027-02-10,,169,1,15.834.583-1
200,2025-07-24,2026-07-24,,202,1,18.261.516-7
