id_visita,fecha_visita,motivo,diagnostico,costo,cobrado,id_mascota,rut_veterinario
1,2026-02-07,Vacunación,N/A,20000,0,318,15.834.583-1
2,2025-08-10,Cirugía,N/A,20000,20000,316,11.767.687-3
3,2026-02-19,Urgencia,N/A,25000,25000,291,18.261.516-7
4,2025-10-06,Vacunación,N/A,25000,0,127,20.889.240-0
5,2025-07-20,Consulta,N/A,40000,0,376,18.261.516-7
6,2025-10-23,Cirugía,N/A,40000,40000,157,17.766.304-4
7,2025-04-25,Vacunación,N/A,60000,60000,42,18.261.516-7
8,2025-12-01,Vacunación,N/A,20000,20000,321,15.834.583-1
9,2025-03-10,Urgencia,N/A,15000,15000,417,15.392.761-0
10,2025-09-24,Urgencia,N/A,60000,60000,19,15.392.761-0
11,2025-12-04,Urgencia,N/A,25000,25000,397,20.889.240-0
12,2025-09-17,Vacunación,N/A,25000,25000,302,11.767.687-3
13,2025-05-08,Cirugía,N/A,25000,25000,47,17.766.304-4
14,2025-11-13,Control preventivo,N/A,25000,25000,413,15.392.761-0
15,2025-11-19,Vacunación,N/A,20000,20000,92,15.392.761-0
16,2026-02-01,Vacunación,N/A,60000,60000,248,18.261.516-7
17,2025-06-21,Cirugía,N/A,15000,15000,136,18.261.516-7
18,2025-03-22,Vacunación,N/A,20000,20000,406,18.261.516-7
19,2025-10-27,Cirugía,N/A,40000,40000,21,11.767.687-3
20,2025-04-22,Urgencia,N/A,25000,25000,141,11.767.687-3
21,2025-12-22,Urgencia,N/A,25000,25000,193,11.767.687-3
22,2025-09-04,Urgencia,N/A,40000,40000,40,15.392.761-0
23,2025-09-09,Vacunación,N/A,25000,25000,181,18.261.516-7
24,2025-11-02,Urgencia,N/A,40000,0,72,17.766.304-4
25,2025-06-26,Control preventivo,N/A,20000,20000,144,20.889.240-0
26,2025-06-04,Vacunación,N/A,20000,20000,368,15.834.583-1
27,2025-09-29,Consulta,N/A,20000,20000,247,11.767.687-3
28,2025-11-01,Vacunación,N/A,40000,40000,332,17.766.304-4
29,2025-07-03,Control preventivo,N/A,15000,0,304,20.889.240-0
30,2026-01-17,Urgencia,N/A,20000,0,294,20.889.240-0
31,2025-05-25,Consulta,N/A,15000,15000,265,17.766.304-4
32,2025-12-14,Control preventivo,N/A,60000,60000,373,11.767.687-3
33,2025-04-13,Vacunación,N/A,25000,25000,242,17.766.304-4
34,2025-06-21,Cirugía,N/A,20000,20000,407,15.392.761-0
35,2026-01-14,Urgencia,N/A,20000,20000,371,11.767.687-3
36,2025-10-19,Urgencia,N/A,25000,25000,118,17.766.304-4
37,2025-05-07,Control preventivo,N/A,40000,0,268,15.392.761-0
38,2025-05-16,Urgencia,N/A,40000,0,244,15.392.761-0
39,2025-03-20,Urgencia,N/A,60000,60000,61,15.834.583-1
40,2026-02-01,Vacunación,N/A,40000,40000,277,15.834.583-1
41,2025-11-23,Cirugía,N/A,40000,40000,23,11.767.687-3
42,2025-10-06,Vacunación,N/A,60000,60000,247,17.766.304-4
43,2025-12-27,Urgencia,N/A,25000,0,69,18.261.516-7
44,2025-06-28,Control preventivo,N/A,40000,40000,279,17.766.304-4
45,2025-06-05,Control preventivo,N/A,25000,25000,405,15.834.583-1
46,2025-11-23,Control preventivo,N/A,60000,60000,193,11.767.687-3
47,2026-02-16,Consulta,N/A,20000,20000,55,20.889.240-0
48,2026-01-28,Urgencia,N/A,40000,40000,275,17.766.304-4
49,2025-09-04,Urgencia,N/A,60000,60000,349,17.766.304-4
50,2025-09-28,Urgencia,N/A,20000,20000,248,20.889.240-0
51,2025-12-12,Urgencia,N/A,25000,25000,158,15.392.761-0
52,2026-02-25,Cirugía,N/A,25000,25000,338,15.834.583-1
53,2025-10-15,Vacunación,N/A,20000,0,261,17.766.304-4
54,2025-12-07,Urgencia,N/A,25000,25000,362,15.834.583-1
55,2025-09-16,Control preventivo,N/A,20000,20000,75,17.766.304-4
56,2025-10-09,Control preventivo,N/A,60000,0,114,18.261.516-7
57,2026-01-06,Control preventivo,N/A,15000,15000,206,15.392.761-0
58,2025-07-25,Urgencia,N/A,60000,0,397,20.889.240-0
59,2025-10-11,Control preventivo,N/A,40000,40000,337,15.392.761-0
60,2025-06-08,Control preventivo,N/A,25000,25000,262,15.392.761-0
61,2026-01-09,Vacunación,N/A,20000,20000,185,20.889.240-0
62,2025-05-20,Control preventivo,N/A,15000,15000,400,17.766.304-4
63,2026-02-06,Cirugía,N/A,25000,25000,103,15.392.761-0
64,2026-02-24,Control preventivo,N/A,15000,15000,282,18.261.516-7
65,2025-12-24,Consulta,N/A,60000,60000,418,18.261.516-7
66,2026-01-05,Vacunación,N/A,20000,20000,207,15.392.761-0
67,2025-07-12,Vacunación,N/A,15000,15000,55,15.392.761-0
68,2025-11-13,Consulta,N/A,15000,15000,60,15.392.761-0
69,2025-12-01,Urgencia,N/A,25000,25000,227,17.766.304-4
70,2025-11-03,Vacunación,N/A,60000,60000,398,17.766.304-4
71,2025-12-26,Control preventivo,N/A,40000,40000,133,15.834.583-1
72,2026-01-19,Vacunación,N/A,40000,40000,118,18.261.516-7
73,2025-08-28,Urgencia,N/A,40000,40000,359,18.261.516-7
74,2025-07-26,Control preventivo,N/A,20000,20000,384,18.261.516-7
75,2025-12-09,Vacunación,N/A,15000,15000,182,20.889.240-0
76,2025-07-16,Vacunación,N/A,60000,60000,350,20.889.240-0
77,2025-06-11,Vacunación,N/A,40000,40000,136,20.889.240-0
78,2025-06-12,Vacunación,N/A,20000,20000,183,20.889.240-0
79,2025-05-01,Control preventivo,N/A,15000,15000,340,17.766.304-4
80,2025-03-04,Urgencia,N/A,60000,60000,247,18.261.516-7
81,2025-08-09,Cirugía,N/A,60000,60000,295,18.261.516-7
82,2025-06-02,Urgencia,N/A,40000,40000,114,15.392.761-0
83,2025-03-28,Urgencia,N/A,20000,20000,245,15.392.761-0
84,2025-11-13,Consulta,N/A,15000,15000,352,20.889.240-0
85,2025-05-01,Urgencia,N/A,40000,40000,353,15.834.583-1
86,2026-02-09,Vacunación,N/A,15000,15000,52,18.261.516-7
87,2026-01-08,Consulta,N/A,25000,25000,135,20.889.240-0
88,2025-10-28,Urgencia,N/A,25000,25000,95,17.766.304-4
89,2025-06-16,Cirugía,N/A,40000,40000,191,18.261.516-7
90,2025-07-22,Cirugía,N/A,40000,40000,68,15.392.761-0
91,2025-04-21,Consulta,N/A,20000,20000,285,17.766.304-4
92,2025-06-09,Vacunación,N/A,40000,40000,379,20.889.240-0
93,2025-03-05,Vacunación,N/A,40000,40000,69,11.767.687-3
94,2025-11-29,Consulta,N/A,60000,60000,154,18.261.516-7
95,2025-12-16,Control preventivo,N/A,60000,60000,354,20.889.240-0
96,2025-06-19,Consulta,N/A,15000,15000,323,15.834.583-1
97,2025-08-19,Consulta,N/A,40000,40000,287,15.392.761-0
98,2025-08-24,Control preventivo,N/A,25000,25000,180,11.767.687-3
99,2025-06-10,Urgencia,N/A,60000,60000,333,15.392.761-0
100,2025-07-24,Consulta,N/A,20000,20000,262,17.766.304-4
101,2025-04-10,Cirugía,N/A,40000,40000,238,11.767.687-3
102,2025-05-25,Consulta,N/A,20000,20000,314,15.392.761-0
103,2025-04-06,Control preventivo,N/A,40000,40000,117,18.261.516-7
104,2026-01-29,Consulta,N/A,25000,25000,310,11.767.687-3
105,2025-07-17,Cirugía,N/A,40000,40000,186,11.767.687-3
106,2025-11-22,Cirugía,N/A,60000,60000,95,15.834.583-1
107,2025-06-29,Consulta,N/A,20000,20000,359,11.767.687-3
108,2025-06-16,Vacunación,N/A,15000,15000,49,15.834.583-1
109,2025-12-06,Control preventivo,N/A,40000,0,204,15.392.761-0
110,2025-04-23,Consulta,N/A,15000,15000,44,11.767.687-3
111,2025-08-06,Vacunación,N/A,40000,40000,146,17.766.304-4
112,2025-05-07,Urgencia,N/A,20000,20000,15,15.834.583-1
113,2025-08-14,Cirugía,N/A,25000,25000,277,18.261.516-7
114,2025-10-14,Vacunación,N/A,60000,60000,358,15.392.761-0
115,2025-12-28,Urgencia,N/A,20000,20000,384,11.767.687-3
116,2025-10-09,Urgencia,N/A,60000,60000,274,18.261.516-7
117,2025-11-02,Urgencia,N/A,25000,25000,46,17.766.304-4
118,2025-09-04,Cirugía,N/A,25000,25000,156,15.834.583-1
119,2025-11-23,Vacunación,N/A,15000,15000,241,15.392.761-0
120,2026-02-16,Cirugía,N/A,15000,15000,245,18.261.516-7
121,2025-10-07,Consulta,N/A,15000,15000,408,15.834.583-1
122,2025-09-08,Vacunación,N/A,60000,60000,288,17.766.304-4
123,2025-07-06,Vacunación,N/A,40000,40000,331,17.766.304-4
124,2025-06-21,Consulta,N/A,40000,0,321,20.889.240-0
125,2026-01-08,Consulta,N/A,60000,60000,381,15.392.761-0
126,2025-09-28,Vacunación,N/A,25000,25000,94,20.889.240-0
127,2025-04-26,Cirugía,N/A,25000,25000,140,11.767.687-3
128,2025-11-07,Vacunación,N/A,60000,60000,78,15.834.583-1
129,2025-03-12,Vacunación,N/A,60000,60000,145,18.261.516-7
130,2025-10-11,Control preventivo,N/A,20000,20000,78,15.834.583-1
131,2025-06-20,Consulta,N/A,40000,40000,403,17.766.304-4
132,2025-10-24,Control preventivo,N/A,25000,25000,385,20.889.240-0
133,2025-07-15,Cirugía,N/A,15000,0,241,20.889.240-0
134,2025-07-07,Cirugía,N/A,20000,20000,63,11.767.687-3
135,2025-09-14,Cirugía,N/A,20000,20000,18,20.889.240-0
136,2025-04-18,Urgencia,N/A,40000,40000,107,17.766.304-4
137,2026-02-12,Consulta,N/A,40000,40000,82,11.767.687-3
138,2025-12-07,Urgencia,N/A,15000,0,247,11.767.687-3
139,2025-06-10,Consulta,N/A,25000,25000,342,20.889.240-0
140,2025-06-29,Cirugía,N/A,15000,15000,86,18.261.516-7
141,2025-05-01,Cirugía,N/A,60000,60000,5,15.834.583-1
142,2026-02-17,Cirugía,N/A,60000,60000,80,18.261.516-7
143,2025-07-06,Vacunación,N/A,15000,15000,352,15.392.761-0
144,2026-01-15,Control preventivo,N/A,25000,0,331,20.889.240-0
145,2025-04-24,Vacunación,N/A,60000,60000,163,15.392.761-0
146,2025-10-11,Vacunación,N/A,25000,0,194,18.261.516-7
147,2025-07-07,Control preventivo,N/A,20000,20000,225,15.392.761-0
148,2025-12-03,Cirugía,N/A,25000,25000,96,15.392.761-0
149,2025-08-13,Cirugía,N/A,25000,25000,307,15.392.761-0
150,2025-04-05,Urgencia,N/A,20000,20000,152,18.261.516-7
151,2025-09-04,Cirugía,N/A,60000,0,327,15.392.761-0
152,2025-06-03,Control preventivo,N/A,40000,40000,187,15.392.761-0
153,2025-08-12,Control preventivo,N/A,20000,20000,276,17.766.304-4
154,2025-11-24,Cirugía,N/A,20000,20000,79,15.392.761-0
155,2025-08-13,Cirugía,N/A,25000,25000,57,15.834.583-1
156,2026-02-01,Control preventivo,N/A,60000,0,67,20.889.240-0
157,2025-06-12,Control preventivo,N/A,15000,15000,51,15.834.583-1
158,2026-01-23,Cirugía,N/A,60000,60000,270,15.392.761-0
159,2025-07-10,Control preventivo,N/A,60000,60000,311,11.767.687-3
160,2025-03-07,Vacunación,N/A,15000,15000,41,17.766.304-4
161,2025-09-01,Urgencia,N/A,15000,15000,213,18.261.516-7
162,2026-01-10,Consulta,N/A,15000,15000,376,15.834.583-1
163,2025-04-09,Vacunación,N/A,25000,25000,50,15.834.583-1
164,2025-11-28,Cirugía,N/A,20000,20000,270,11.767.687-3
165,2025-12-17,Vacunación,N/A,20000,20000,286,17.766.304-4
166,2026-01-21,Urgencia,N/A,15000,15000,235,11.767.687-3
167,2025-04-23,Vacunación,N/A,40000,40000,282,17.766.304-4
168,2025-08-20,Vacunación,N/A,60000,60000,308,17.766.304-4
169,2025-08-09,Urgencia,N/A,25000,25000,167,18.261.516-7
170,2026-01-19,Cirugía,N/A,40000,40000,166,15.392.761-0
171,2025-12-14,Urgencia,N/A,20000,20000,393,15.392.761-0
172,2025-09-01,Cirugía,N/A,25000,25000,204,15.834.583-1
173,2025-07-24,Urgencia,N/A,15000,0,70,18.261.516-7
174,2025-08-01,Vacunación,N/A,15000,15000,162,15.834.583-1
175,2025-12-09,Urgencia,N/A,25000,25000,293,20.889.240-0
176,2025-03-20,Cirugía,N/A,15000,15000,71,18.261.516-7
177,2025-12-24,Vacunación,N/A,25000,25000,416,18.261.516-7
178,2025-12-18,Cirugía,N/A,15000,15000,112,11.767.687-3
179,2025-08-14,Cirugía,N/A,15000,15000,354,11.767.687-3
180,2025-04-18,Urgencia,N/A,60000,60000,20,11.767.687-3
181,2025-09-12,Control preventivo,N/A,60000,60000,395,18.261.516-7
182,2025-10-09,Cirugía,N/A,25000,25000,62,20.889.240-0
183,2025-03-06,Cirugía,N/A,60000,0,269,15.834.583-1
184,2025-12-02,Urgencia,N/A,25000,0,258,11.767.687-3
185,2025-05-18,Control preventivo,N/A,20000,20000,202,17.766.304-4
186,2025-12-20,Urgencia,N/A,60000,0,222,18.261.516-7
187,2025-05-15,Vacunación,N/A,40000,40000,244,15.392.761-0
188,2025-12-06,Cirugía,N/A,15000,15000,205,15.392.761-0
189,2026-02-21,Vacunación,N/A,40000,40000,247,15.392.761-0
190,2025-11-05,Cirugía,N/A,20000,20000,101,15.392.761-0
191,2025-11-24,Vacunación,N/A,60000,60000,137,17.766.304-4
192,2026-02-14,Urgencia,N/A,25000,0,344,17.766.304-4
193,2025-09-04,Consulta,N/A,40000,40000,177,15.392.761-0
194,2025-08-04,Vacunación,N/A,15000,15000,316,17.766.304-4
195,2025-05-14,Cirugía,N/A,60000,0,419,20.889.240-0
196,2026-02-14,Consulta,N/A,20000,20000,373,15.834.583-1
197,2025-03-28,Vacunación,N/A,15000,15000,76,18.261.516-7
198,2025-08-23,Control preventivo,N/A,15000,15000,242,15.834.583-1
199,2025-06-16,Urgencia,N/A,25000,25000,280,15.392.761-0
200,2025-12-06,Cirugía,N/A,25000,25000,73,11.767.687-3
201,2025-09-09,Urgencia,N/A,15000,15000,270,15.834.583-1
202,2025-05-27,Control preventivo,N/A,25000,25000,405,11.767.687-3
203,2025-07-17,Control preventivo,N/A,60000,60000,5,15.834.583-1
204,2026-02-02,Consulta,N/A,40000,40000,338,18.261.516-7
205,2025-03-10,Consulta,N/A,15000,15000,333,17.766.304-4
206,2025-09-11,Urgencia,N/A,20000,20000,51,18.261.516-7
207,2025-12-31,Urgencia,N/A,40000,0,102,15.392.761-0
208,2025-12-13,Control preventivo,N/A,40000,0,272,18.261.516-7
209,2025-11-06,Cirugía,N/A,25000,25000,10,18.261.516-7
210,2025-08-29,Consulta,N/A,25000,25000,257,18.261.516-7
211,2026-01-15,Consulta,N/A,15000,15000,418,15.834.583-1
212,2025-07-22,Vacunación,N/A,60000,60000,202,11.767.687-3
213,2025-04-14,Cirugía,N/A,20000,20000,348,15.392.761-0
214,2025-09-30,Vacunación,N/A,20000,20000,219,18.261.516-7
215,2025-08-16,Cirugía,N/A,60000,60000,106,11.767.687-3
216,2025-12-23,Urgencia,N/A,20000,20000,104,20.889.240-0
217,2026-02-16,Urgencia,N/A,25000,25000,221,20.889.240-0
218,2025-05-20,Consulta,N/A,60000,0,273,11.767.687-3
219,2025-06-03,Consulta,N/A,15000,15000,75,11.767.687-3
220,2025-08-11,Cirugía,N/A,15000,15000,156,17.766.304-4
221,2025-05-17,Vacunación,N/A,25000,0,95,15.834.583-1
222,2026-01-10,Consulta,N/A,60000,60000,314,20.889.240-0
223,2025-06-27,Vacunación,N/A,60000,60000,184,15.834.583-1
224,2025-05-08,Urgencia,N/A,40000,40000,241,11.767.687-3
225,2025-06-03,Cirugía,N/A,25000,25000,71,20.889.240-0
226,2025-06-24,Control preventivo,N/A,20000,20000,8,18.261.516-7
227,2025-06-22,Vacunación,N/A,40000,40000,34,20.889.240-0
228,2026-01-10,Cirugía,N/A,40000,40000,235,20.889.240-0
229,2025-09-24,Control preventivo,N/A,40000,40000,195,11.767.687-3
230,2025-09-18,Urgencia,N/A,25000,25000,293,15.392.761-0
231,2025-11-24,Control preventivo,N/A,60000,60000,232,17.766.304-4
232,2025-07-04,Urgencia,N/A,15000,15000,377,15.834.583-1
233,2025-09-15,Urgencia,N/A,60000,60000,26,20.889.240-0
234,2025-10-12,Cirugía,N/A,25000,25000,397,18.261.516-7
235,2025-05-25,Cirugía,N/A,40000,40000,28,11.767.687-3
236,2025-05-12,Cirugía,N/A,60000,60000,232,15.834.583-1
237,2025-04-27,Vacunación,N/A,60000,60000,357,15.392.761-0
238,2025-09-18,Cirugía,N/A,20000,20000,13,20.889.240-0
239,2025-12-28,Vacunación,N/A,40000,40000,47,18.261.516-7
240,2026-02-18,Vacunación,N/A,25000,25000,64,15.834.583-1
241,2026-02-25,Cirugía,N/A,15000,15000,44,15.392.761-0
242,2025-11-17,Urgencia,N/A,40000,40000,194,15.392.761-0
243,2025-03-23,Vacunación,N/A,40000,40000,290,11.767.687-3
244,2025-05-23,Vacunación,N/A,20000,20000,365,15.834.583-1
245,2025-08-05,Consulta,N/A,40000,40000,229,18.261.516-7
246,2025-04-30,Vacunación,N/A,20000,20000,2,15.392.761-0
247,2025-03-07,Cirugía,N/A,25000,25000,256,15.392.761-0
248,2026-01-06,Cirugía,N/A,15000,15000,302,11.767.687-3
249,2025-10-19,Cirugía,N/A,40000,40000,308,15.392.761-0
250,2025-07-04,Urgencia,N/A,15000,15000,322,15.392.761-0
251,2025-03-26,Vacunación,N/A,20000,0,335,18.261.516-7
252,2025-05-14,Control preventivo,N/A,15000,15000,309,18.261.516-7
253,2025-04-14,Control preventivo,N/A,25000,0,92,20.889.240-0
254,2026-01-07,Urgencia,N/A,25000,25000,288,20.889.240-0
255,2025-12-22,Consulta,N/A,40000,40000,48,18.261.516-7
256,2025-09-05,Cirugía,N/A,25000,25000,389,17.766.304-4
257,2025-04-03,Consulta,N/A,60000,60000,63,11.767.687-3
258,2025-08-16,Urgencia,N/A,25000,25000,108,11.767.687-3
259,2026-01-08,Control preventivo,N/A,20000,0,374,11.767.687-3
260,2025-04-14,Cirugía,N/A,60000,60000,310,11.767.687-3
261,2025-10-05,Urgencia,N/A,25000,25000,133,15.392.761-0
262,2026-01-14,Consulta,N/A,60000,60000,315,15.392.761-0
263,2025-11-22,Cirugía,N/A,40000,40000,93,15.392.761-0
264,2026-02-26,Consulta,N/A,20000,20000,1,15.834.583-1
265,2025-10-25,Control preventivo,N/A,15000,15000,107,15.392.761-0
266,2025-09-28,Control preventivo,N/A,40000,40000,287,11.767.687-3
267,2025-03-06,Vacunación,N/A,20000,20000,131,15.834.583-1
268,2025-08-01,Urgencia,N/A,25000,25000,393,15.834.583-1
269,2026-02-15,Consulta,N/A,15000,15000,371,15.392.761-0
270,2025-03-15,Vacunación,N/A,60000,60000,174,11.767.687-3
271,2025-10-29,Control preventivo,N/A,40000,40000,247,20.889.240-0
272,2025-11-30,Consulta,N/A,40000,40000,417,17.766.304-4
273,2025-11-22,Consulta,N/A,15000,15000,348,18.261.516-7
274,2025-11-30,Control preventivo,N/A,60000,60000,351,18.261.516-7
275,2025-04-03,Vacunación,N/A,25000,25000,16,18.261.516-7
276,2026-01-15,Urgencia,N/A,40000,40000,293,15.392.761-0
277,2025-06-04,Urgencia,N/A,40000,0,401,18.261.516-7
278,2026-02-27,Control preventivo,N/A,25000,25000,45,17.766.304-4
279,2025-09-07,Cirugía,N/A,20000,20000,155,20.889.240-0
280,2025-08-02,Vacunación,N/A,60000,0,402,15.834.583-1
281,2025-04-17,Cirugía,N/A,20000,20000,410,17.766.304-4
282,2025-05-18,Vacunación,N/A,60000,60000,248,11.767.687-3
283,2025-08-06,Consulta,N/A,60000,0,51,15.392.761-0
284,2025-06-14,Control preventivo,N/A,20000,20000,366,15.392.761-0
285,2025-03-03,Consulta,N/A,15000,15000,352,15.392.761-0
286,2025-08-18,Cirugía,N/A,15000,15000,53,15.392.761-0
287,2025-03-12,Urgencia,N/A,25000,25000,328,20.889.240-0
288,2025-06-11,Vacunación,N/A,25000,25000,273,18.261.516-7
289,2026-02-07,Control preventivo,N/A,40000,40000,81,18.261.516-7
290,2025-03-08,Urgencia,N/A,15000,15000,53,20.889.240-0
291,2025-08-27,Urgencia,N/A,60000,60000,73,11.767.687-3
292,2025-12-19,Vacunación,N/A,25000,25000,160,15.392.761-0
293,2025-12-02,Cirugía,N/A,25000,0,15,17.766.304-4
294,2025-04-24,Cirugía,N/A,15000,0,219,17.766.304-4
295,2026-02-24,Urgencia,N/A,20000,20000,323,11.767.687-3
296,2026-01-10,Consulta,N/A,40000,40000,419,20.889.240-0
297,2025-04-10,Cirugía,N/A,60000,60000,48,11.767.687-3
298,2025-04-19,Cirugía,N/A,40000,40000,330,11.767.687-3
299,2025-10-27,Vacunación,N/A,40000,40000,74,15.392.761-0
300,2025-09-03,Cirugía,N/A,25000,25000,341,18.261.516-7
301,2025-10-19,Cirugía,N/A,25000,0,244,15.834.583-1
302,2025-11-01,Cirugía,N/A,25000,25000,145,18.261.516-7
303,2025-12-20,Vacunación,N/A,60000,60000,208,11.767.687-3
304,2025-08-14,Urgencia,N/A,15000,15000,406,18.261.516-7
305,2025-10-23,Cirugía,N/A,60000,60000,123,15.392.761-0
306,2025-12-06,Vacunación,N/A,20000,20000,197,15.834.583-1
307,2025-06-15,Urgencia,N/A,25000,25000,223,15.392.761-0
308,2025-12-04,Vacunación,N/A,25000,25000,343,15.834.583-1
309,2025-11-05,Control preventivo,N/A,60000,60000,238,18.261.516-7
310,2025-04-19,Cirugía,N/A,60000,60000,208,15.834.583-1
311,2025-04-25,Urgencia,N/A,60000,60000,195,18.261.516-7
312,2026-01-25,Control preventivo,N/A,40000,0,419,20.889.240-0
313,2026-01-20,Control preventivo,N/A,60000,60000,339,20.889.240-0
314,2025-11-28,Consulta,N/A,40000,40000,296,17.766.304-4
315,2025-06-14,Consulta,N/A,20000,20000,407,11.767.687-3
316,2025-10-09,Consulta,N/A,25000,25000,299,15.834.583-1
317,2025-11-17,Cirugía,N/A,60000,60000,151,15.834.583-1
318,2025-12-07,Control preventivo,N/A,25000,0,287,18.261.516-7
319,2025-07-23,Control preventivo,N/A,15000,15000,360,15.392.761-0
320,2026-01-15,Consulta,N/A,40000,40000,208,17.766.304-4
321,2025-12-05,Vacunación,N/A,40000,40000,244,20.889.240-0
322,2025-12-10,Cirugía,N/A,20000,20000,185,17.766.304-4
323,2025-07-26,Vacunación,N/A,20000,0,37,11.767.687-3
324,2025-05-13,Cirugía,N/A,15000,15000,70,15.834.583-1
325,2026-01-23,Cirugía,N/A,20000,20000,404,11.767.687-3
326,2025-10-04,Urgencia,N/A,60000,60000,261,17.766.304-4
327,2025-10-17,Cirugía,N/A,60000,60000,96,17.766.304-4
328,2025-03-04,Urgencia,N/A,60000,60000,375,20.889.240-0
329,2025-07-16,Cirugía,N/A,60000,60000,296,18.261.516-7
330,2025-03-20,Urgencia,N/A,15000,15000,189,15.834.583-1
331,2025-11-02,Control preventivo,N/A,60000,0,375,15.392.761-0
332,2025-10-25,Urgencia,N/A,25000,0,313,15.834.583-1
333,2025-10-28,Control preventivo,N/A,20000,20000,277,15.392.761-0
334,2026-01-08,Control preventivo,N/A,25000,25000,274,15.834.583-1
335,2025-10-19,Urgencia,N/A,40000,40000,294,11.767.687-3
336,2025-10-02,Consulta,N/A,25000,25000,409,18.261.516-7
337,2025-05-25,Control preventivo,N/A,25000,25000,306,11.767.687-3
338,2025-12-14,Consulta,N/A,25000,0,243,15.392.761-0
339,2025-12-19,Control preventivo,N/A,20000,20000,150,11.767.687-3
340,2025-03-14,Consulta,N/A,60000,60000,65,15.392.761-0
341,2025-07-21,Consulta,N/A,15000,0,144,18.261.516-7
342,2025-03-08,Control preventivo,N/A,25000,25000,303,11.767.687-3
343,2026-02-01,Cirugía,N/A,20000,20000,90,18.261.516-7
344,2025-11-04,Vacunación,N/A,20000,20000,17,18.261.516-7
345,2025-05-14,Urgencia,N/A,15000,15000,79,17.766.304-4
346,2025-09-13,Vacunación,N/A,40000,40000,372,11.767.687-3
347,2025-06-16,Urgencia,N/A,20000,20000,177,15.834.583-1
348,2025-04-29,Control preventivo,N/A,25000,25000,205,17.766.304-4
349,2025-10-30,Urgencia,N/A,25000,25000,350,11.767.687-3
350,2025-10-29,Consulta,N/A,40000,0,223,15.834.583-1
351,2025-10-16,Cirugía,N/A,25000,25000,272,11.767.687-3
352,2025-04-19,Urgencia,N/A,15000,15000,222,15.392.761-0
353,2025-08-19,Consulta,N/A,25000,25000,51,18.261.516-7
354,2025-09-17,Cirugía,N/A,60000,60000,384,20.889.240-0
355,2025-06-08,Urgencia,N/A,60000,60000,354,20.889.240-0
356,2025-12-06,Control preventivo,N/A,25000,25000,35,15.834.583-1
357,2025-04-20,Urgencia,N/A,40000,0,229,18.261.516-7
358,2025-07-24,Consulta,N/A,20000,20000,13,15.392.761-0
359,2025-03-30,Urgencia,N/A,15000,15000,112,15.392.761-0
360,2026-02-26,Control preventivo,N/A,15000,0,310,20.889.240-0
361,2026-01-31,Urgencia,N/A,40000,40000,95,15.834.583-1
362,2025-07-08,Consulta,N/A,20000,20000,39,11.767.687-3
363,2025-07-20,Cirugía,N/A,40000,40000,342,18.261.516-7
364,2025-05-22,Control preventivo,N/A,25000,25000,32,17.766.304-4
365,2025-08-18,Control preventivo,N/A,40000,40000,417,18.261.516-7
366,2025-10-12,Control preventivo,N/A,20000,20000,103,15.392.761-0
367,2025-05-31,Cirugía,N/A,40000,0,277,17.766.304-4
368,2026-01-09,Control preventivo,N/A,20000,20000,367,18.261.516-7
369,2025-03-18,Control preventivo,N/A,15000,0,373,18.261.516-7
370,2025-03-10,Cirugía,N/A,40000,0,328,15.834.583-1
371,2026-02-04,Cirugía,N/A,15000,15000,359,18.261.516-7
372,2025-12-20,Control preventivo,N/A,40000,40000,395,17.766.304-4
373,2025-10-10,Cirugía,N/A,40000,40000,400,15.834.583-1
374,2025-06-24,Control preventivo,N/A,60000,60000,353,17.766.304-4
375,2025-12-16,Urgencia,N/A,15000,15000,184,18.261.516-7
376,2025-09-22,Control preventivo,N/A,25000,25000,332,15.834.583-1
377,2025-11-29,Consulta,N/A,25000,0,236,18.261.516-7
378,2025-05-30,Urgencia,N/A,20000,0,197,11.767.687-3
379,2025-08-01,Cirugía,N/A,20000,20000,323,11.767.687-3
380,2025-11-05,Control preventivo,N/A,25000,25000,225,11.767.687-3
381,2025-05-11,Control preventivo,N/A,20000,20000,369,15.392.761-0
382,2025-11-06,Cirugía,N/A,20000,0,277,11.767.687-3
383,2025-11-11,Urgencia,N/A,25000,25000,416,17.766.304-4
384,2025-03-19,Consulta,N/A,15000,0,404,11.767.687-3
385,2025-09-24,Control preventivo,N/A,15000,15000,335,11.767.687-3
386,2025-10-21,Urgencia,N/A,60000,0,297,20.889.240-0
387,2025-03-19,Vacunación,N/A,15000,15000,10,17.766.304-4
388,2025-03-24,Vacunación,N/A,60000,60000,67,15.834.583-1
389,2026-01-18,Control preventivo,N/A,20000,20000,407,15.834.583-1
390,2026-01-07,Vacunación,N/A,40000,40000,33,15.834.583-1
391,2025-11-10,Urgencia,N/A,15000,15000,113,15.834.583-1
392,2025-10-05,Consulta,N/A,20000,20000,378,11.767.687-3
393,2025-08-14,Control preventivo,N/A,40000,40000,295,15.392.761-0
394,2025-08-12,Vacunación,N/A,20000,20000,304,20.889.240-0
395,2025-04-02,Control preventivo,N/A,25000,25000,388,17.766.304-4
396,2026-02-20,Consulta,N/A,20000,20000,225,20.889.240-0
397,2025-03-21,Vacunación,N/A,60000,0,324,15.392.761-0
398,2025-05-20,Control preventivo,N/A,40000,40000,42,15.834.583-1
399,2025-05-31,Control preventivo,N/A,15000,15000,304,18.261.516-7
400,2026-02-19,Cirugía,N/A,40000,40000,106,20.889.240-0
401,2025-11-23,Cirugía,N/A,25000,25000,90,15.392.761-0
402,2025-12-31,Vacunación,N/A,15000,15000,314,15.834.583-1
403,2025-08-26,Cirugía,N/A,25000,0,121,20.889.240-0
404,2025-11-27,Control preventivo,N/A,15000,15000,390,15.392.761-0
405,2025-06-21,Cirugía,N/A,60000,60000,338,20.889.240-0
406,2025-03-28,Vacunación,N/A,25000,0,77,11.767.687-3
407,2025-11-10,Vacunación,N/A,40000,40000,23,15.834.583-1
408,2025-07-24,Vacunación,N/A,25000,25000,172,15.392.761-0
409,2025-03-23,Control preventivo,N/A,40000,40000,276,20.889.240-0
410,2025-03-15,Cirugía,N/A,20000,20000,37,20.889.240-0
411,2025-12-29,Urgencia,N/A,40000,40000,102,11.767.687-3
412,2025-06-26,Control preventivo,N/A,25000,25000,51,20.889.240-0
413,2025-06-11,Cirugía,N/A,40000,40000,38,17.766.304-4
414,2025-11-04,Control preventivo,N/A,60000,60000,75,20.889.240-0
415,2025-10-19,Vacunación,N/A,60000,60000,70,17.766.304-4
416,2026-01-18,Consulta,N/A,20000,20000,104,18.261.516-7
417,2025-03-17,Urgencia,N/A,20000,0,70,15.834.583-1
418,2025-10-21,Cirugía,N/A,40000,40000,176,20.889.240-0
419,2026-01-04,Vacunación,N/A,25000,25000,327,15.392.761-0
420,2025-12-21,Urgencia,N/A,20000,20000,45,17.766.304-4
421,2025-11-06,Vacunación,N/A,60000,60000,237,18.261.516-7
422,2025-10-06,Vacunación,N/A,15000,15000,223,15.392.761-0
423,2025-12-28,Vacunación,N/A,20000,20000,3,17.766.304-4
424,2025-03-21,Cirugía,N/A,15000,15000,259,15.834.583-1
425,2025-11-27,Cirugía,N/A,40000,40000,409,11.767.687-3
426,2025-10-18,Cirugía,N/A,15000,15000,286,15.834.583-1
427,2025-06-20,Vacunación,N/A,40000,40000,123,11.767.687-3
428,2025-03-09,Cirugía,N/A,15000,15000,83,11.767.687-3
429,2025-12-18,Urgencia,N/A,40000,0,233,17.766.304-4
430,2026-02-24,Cirugía,N/A,20000,20000,190,11.767.687-3
431,2026-02-24,Control preventivo,N/A,40000,40000,37,17.766.304-4
432,2025-11-27,Control preventivo,N/A,25000,25000,386,18.261.516-7
433,2025-12-03,Urgencia,N/A,60000,60000,404,11.767.687-3
434,2026-01-12,Consulta,N/A,15000,15000,29,15.392.761-0
435,2025-03-27,Control preventivo,N/A,25000,25000,239,15.392.761-0
436,2025-09-04,Consulta,N/A,15000,15000,287,11.767.687-3
437,2025-12-13,Vacunación,N/A,15000,0,172,20.889.240-0
438,2025-04-28,Cirugía,N/A,60000,60000,386,15.392.761-0
439,2025-06-24,Consulta,N/A,20000,20000,137,15.392.761-0
440,2025-07-20,Control preventivo,N/A,40000,0,177,17.766.304-4
441,2025-11-12,Urgencia,N/A,40000,40000,241,11.767.687-3
442,2026-02-11,Urgencia,N/A,60000,60000,232,15.392.761-0
443,2026-02-08,Control preventivo,N/A,25000,25000,235,15.834.583-1
444,2025-09-17,Vacunación,N/A,15000,15000,40,15.834.583-1
445,2025-07-20,Control preventivo,N/A,20000,20000,255,20.889.240-0
446,2025-11-22,Control preventivo,N/A,20000,20000,350,15.392.761-0
447,2025-10-29,Consulta,N/A,20000,20000,378,11.767.687-3
448,2025-07-28,Vacunación,N/A,15000,0,411,20.889.240-0
449,2026-01-25,Consulta,N/A,60000,60000,176,11.767.687-3
450,2025-11-04,Urgencia,N/A,25000,25000,272,15.392.761-0
451,2025-10-21,Consulta,N/A,40000,40000,405,18.261.516-7
452,2025-07-12,Vacunación,N/A,20000,20000,148,15.834.583-1
453,2025-08-28,Consulta,N/A,20000,20000,86,15.392.761-0
454,2026-02-28,Urgencia,N/A,20000,20000,90,11.767.687-3
455,2025-05-22,Vacunación,N/A,20000,0,163,15.392.761-0
456,2025-10-12,Consulta,N/A,20000,20000,106,15.392.761-0
457,2026-02-04,Consulta,N/A,15000,15000,76,18.261.516-7
458,2025-12-02,Vacunación,N/A,40000,40000,63,15.834.583-1
459,2025-11-11,Vacunación,N/A,40000,40000,164,20.889.240-0
460,2025-12-05,Urgencia,N/A,15000,15000,362,18.261.516-7
461,2025-07-27,Urgencia,N/A,40000,40000,410,15.392.761-0
462,2025-08-21,Control preventivo,N/A,40000,40000,21,20.889.240-0
463,2025-04-29,Consulta,N/A,60000,0,317,20.889.240-0
464,2025-08-30,Control preventivo,N/A,40000,40000,312,11.767.687-3
465,2025-12-24,Urgencia,N/A,20000,20000,393,18.261.516-7
466,2025-03-12,Control preventivo,N/A,20000,20000,229,11.767.687-3
467,2025-11-18,Cirugía,N/A,15000,15000,163,15.392.761-0
468,2025-11-17,Control preventivo,N/A,60000,60000,185,17.766.304-4
469,2025-10-05,Consulta,N/A,20000,20000,7,18.261.516-7
470,2025-08-27,Consulta,N/A,25000,25000,288,15.834.583-1
471,2025-10-14,Cirugía,N/A,20000,20000,148,20.889.240-0
472,2025-09-29,Vacunación,N/A,40000,40000,307,15.834.583-1
473,2025-06-15,Consulta,N/A,20000,20000,269,18.261.516-7
474,2025-12-28,Cirugía,N/A,15000,0,210,11.767.687-3
475,2025-09-29,Vacunación,N/A,25000,25000,364,15.392.761-0
476,2025-06-11,Vacunación,N/A,20000,20000,149,15.392.761-0
477,2025-03-22,Consulta,N/A,40000,40000,156,17.766.304-4
478,2025-10-24,Vacunación,N/A,60000,0,2,20.889.240-0
479,2025-08-01,Cirugía,N/A,25000,0,341,18.261.516-7
480,2025-05-31,Cirugía,N/A,40000,40000,331,20.889.240-0
481,2025-05-01,Consulta,N/A,15000,15000,35,15.392.761-0
482,2025-12-23,Cirugía,N/A,25000,25000,133,11.767.687-3
483,2026-02-19,Control preventivo,N/A,40000,40000,376,15.392.761-0
484,2025-07-11,Vacunación,N/A,15000,15000,75,18.261.516-7
485,2026-02-18,Vacunación,N/A,40000,40000,28,18.261.516-7
486,2025-10-01,Consulta,N/A,25000,0,150,15.392.761-0
487,2025-11-19,Vacunación,N/A,15000,15000,94,15.834.583-1
488,2025-05-25,Urgencia,N/A,60000,60000,162,11.767.687-3
489,2025-07-17,Consulta,N/A,25000,0,297,18.261.516-7
490,2025-03-07,Vacunación,N/A,20000,20000,191,17.766.304-4
491,2025-08-22,Vacunación,N/A,40000,0,80,15.392.761-0
492,2025-06-05,Urgencia,N/A,20000,20000,270,15.392.761-0
493,2026-02-23,Control preventivo,N/A,60000,60000,40,15.834.583-1
494,2025-03-09,Cirugía,N/A,20000,20000,354,18.261.516-7
495,2025-10-13,Urgencia,N/A,20000,20000,176,20.889.240-0
496,2025-03-15,Control preventivo,N/A,25000,25000,356,20.889.240-0
497,2025-08-05,Vacunación,N/A,20000,20000,41,17.766.304-4
498,2025-04-09,Control preventivo,N/A,15000,15000,388,17.766.304-4
499,2025-06-09,Control preventivo,N/A,15000,0,338,15.392.761-0
500,2025-03-31,Cirugía,N/A,60000,0,130,15.834.583-1
